nameWithOwner,id,title,state,createdAt,closedAt,changedFiles,additions,deletions,reviews,body,participants,comments,hours_spent
donnemartin/system-design-primer,MDExOlB1bGxSZXF1ZXN0MTA5ODg2MzUw,Fix typo in Study Guide section,MERGED,2017-03-09T10:50:34Z,2017-03-10T00:36:12Z,1,2,2,1,78,2,1,13.760555555555555
donnemartin/system-design-primer,MDExOlB1bGxSZXF1ZXN0MTA5OTIzMDg2,Fix typo - lobsided -> lopsided,MERGED,2017-03-09T14:21:29Z,2017-03-10T00:37:40Z,1,1,1,1,0,2,1,10.269722222222223
donnemartin/system-design-primer,MDExOlB1bGxSZXF1ZXN0MTEwMDU5NTM1,Add Dyn DDoS attack link,MERGED,2017-03-10T04:30:56Z,2017-03-11T02:07:51Z,1,1,1,1,4,2,1,21.615277777777777
donnemartin/system-design-primer,MDExOlB1bGxSZXF1ZXN0MTEwMDc3NzI0,Fix multiple typos,MERGED,2017-03-10T07:53:56Z,2017-03-11T02:06:35Z,1,8,8,1,0,3,1,18.210833333333333
donnemartin/system-design-primer,MDExOlB1bGxSZXF1ZXN0MTExMTgxNzI2,Fix #6: Migrate links from exercises/solutions to use internal links,MERGED,2017-03-16T22:49:05Z,2017-03-19T19:23:03Z,8,35,35,1,225,2,2,68.56611111111111
donnemartin/system-design-primer,MDExOlB1bGxSZXF1ZXN0MTExMzk2MjQy,"Delete duplicate word ""does"" in design exercises",MERGED,2017-03-18T04:17:42Z,2017-03-18T15:37:17Z,3,3,3,1,0,2,1,11.32638888888889
donnemartin/system-design-primer,MDExOlB1bGxSZXF1ZXN0MTExNDE2NTE1,Fix typo JSS -> JS,MERGED,2017-03-18T16:45:40Z,2017-03-19T19:24:13Z,1,1,1,1,35,2,1,26.6425
donnemartin/system-design-primer,MDExOlB1bGxSZXF1ZXN0MTExNDcyNTU4,Declare variable key in the get_user example,MERGED,2017-03-19T22:54:10Z,2017-03-21T11:39:11Z,1,1,0,1,221,2,1,36.750277777777775
donnemartin/system-design-primer,MDExOlB1bGxSZXF1ZXN0MTEyMDU3MDkx,Fix typo,MERGED,2017-03-22T16:44:21Z,2017-03-23T02:53:16Z,1,1,1,2,0,3,1,10.14861111111111
donnemartin/system-design-primer,MDExOlB1bGxSZXF1ZXN0MTEyMzUyMzc0,Fix typos,MERGED,2017-03-23T22:30:10Z,2017-03-24T02:42:03Z,1,2,2,1,0,2,1,4.198055555555555
donnemartin/system-design-primer,MDExOlB1bGxSZXF1ZXN0MTEyNDM3NTE5,change the service discovery documenation example to use consul/etcd,CLOSED,2017-03-24T11:32:50Z,2017-03-26T17:02:10Z,1,4,1,2,84,3,4,53.48888888888889
donnemartin/system-design-primer,MDExOlB1bGxSZXF1ZXN0MTEyNjA2Mjc5,Explain difference between PUT & PATCH,MERGED,2017-03-25T22:50:04Z,2017-03-29T10:19:15Z,1,2,0,1,246,2,2,83.48638888888888
donnemartin/system-design-primer,MDExOlB1bGxSZXF1ZXN0MTEyNjM0ODE3,"Update service discovery section to include consul, etcd, and additional details",MERGED,2017-03-26T16:58:09Z,2017-03-28T11:45:13Z,1,1,1,3,0,5,1,42.784444444444446
donnemartin/system-design-primer,MDExOlB1bGxSZXF1ZXN0MTE0MDk0MzQ5,Change AP wording for clarity,MERGED,2017-04-04T08:27:14Z,2017-04-04T09:56:39Z,1,1,1,1,291,2,1,1.4902777777777778
donnemartin/system-design-primer,MDExOlB1bGxSZXF1ZXN0MTE2MDE3NzQz,zh-cn: Add Simplified Chinese translation v1.0,MERGED,2017-04-15T07:44:20Z,2017-04-15T13:32:32Z,1,1797,0,1,122,2,4,5.803333333333334
donnemartin/system-design-primer,MDExOlB1bGxSZXF1ZXN0MTE2MDQ3MDA2,zh-cn: Rename README-zh-Hant.md to README-zh-Hans.md,MERGED,2017-04-16T03:17:12Z,2017-04-16T21:49:16Z,1,0,0,1,90,2,2,18.534444444444443
donnemartin/system-design-primer,MDExOlB1bGxSZXF1ZXN0MTE3MDg2NjQy,Fix asynchronism link in mint README,MERGED,2017-04-22T00:06:53Z,2017-05-16T04:10:52Z,1,1,1,2,0,3,1,580.0663888888889
donnemartin/system-design-primer,MDExOlB1bGxSZXF1ZXN0MTE4NjI4MjYz,Fix lowercase typo in Layer 7 load balancing title,MERGED,2017-05-02T19:28:31Z,2017-05-16T04:17:24Z,1,1,1,1,54,2,1,320.8147222222222
donnemartin/system-design-primer,MDExOlB1bGxSZXF1ZXN0MTE5NjYwMzA0,Fix typo,MERGED,2017-05-09T13:31:23Z,2017-05-27T00:32:45Z,1,1,1,1,0,2,1,419.0227777777778
donnemartin/system-design-primer,MDExOlB1bGxSZXF1ZXN0MTIxMjI5NTAy,Add license disclaimer,CLOSED,2017-05-18T08:42:10Z,2017-05-27T00:34:53Z,2,10,0,1,140,2,0,207.8786111111111
donnemartin/system-design-primer,MDExOlB1bGxSZXF1ZXN0MTIyMzU2OTcy,Fix #79: Inaccuracy in Twitter timeline and search example,MERGED,2017-05-25T01:47:16Z,2017-05-27T00:31:32Z,1,1,1,1,0,2,1,46.73777777777778
donnemartin/system-design-primer,MDExOlB1bGxSZXF1ZXN0MTIyOTIzNjEy,Init spot_size member in parking lot exercise,MERGED,2017-05-29T16:47:48Z,2017-05-30T00:55:33Z,1,1,1,1,29,2,1,8.129166666666666
donnemartin/system-design-primer,MDExOlB1bGxSZXF1ZXN0MTI0MjE3NjEz,Fix reducer argument in pastebin exercise,MERGED,2017-06-06T15:19:52Z,2017-06-14T00:43:11Z,1,1,1,1,322,2,1,177.38861111111112
donnemartin/system-design-primer,MDExOlB1bGxSZXF1ZXN0MTI5NjE1Nzcy,Add Grab Engineering Blog link,CLOSED,2017-07-10T07:25:48Z,2017-07-18T02:13:02Z,2,2,0,1,237,2,3,186.78722222222223
donnemartin/system-design-primer,MDExOlB1bGxSZXF1ZXN0MTI5ODE2NTgx,Add automated testing,CLOSED,2017-07-11T03:27:24Z,2018-10-28T21:25:17Z,1,11,0,2,337,4,12,11393.964722222223
donnemartin/system-design-primer,MDExOlB1bGxSZXF1ZXN0MTMwODYzODg1,Fix typo in denormalization section,MERGED,2017-07-17T14:04:37Z,2017-07-18T02:08:37Z,1,1,1,1,0,2,1,12.066666666666666
donnemartin/system-design-primer,MDExOlB1bGxSZXF1ZXN0MTM1NzQ3Mjcw,Convert all .py files to be valid Python,MERGED,2017-08-15T07:19:19Z,2018-03-07T00:37:47Z,7,78,39,3,231,2,8,4889.307777777778
donnemartin/system-design-primer,MDExOlB1bGxSZXF1ZXN0MTQzODEzODU2,Add API rate limiter design link,MERGED,2017-09-29T06:10:36Z,2017-10-09T00:52:45Z,1,1,0,1,0,2,2,234.7025
donnemartin/system-design-primer,MDExOlB1bGxSZXF1ZXN0MTQ0MTAyODE0,Fix typo: considering -> consider in scaling AWS solution,MERGED,2017-10-02T02:42:48Z,2017-10-07T16:06:38Z,1,1,1,1,91,2,1,133.3972222222222
donnemartin/system-design-primer,MDExOlB1bGxSZXF1ZXN0MTQ3OTYwMDQ5,Simplify logic for is_ace and is_face_card in deck of cards solution,MERGED,2017-10-21T19:56:43Z,2017-10-25T01:06:00Z,1,2,2,1,0,2,1,77.15472222222222
donnemartin/system-design-primer,MDExOlB1bGxSZXF1ZXN0MTQ5MDk5NzI5,Add Japanese Translation,MERGED,2017-10-27T04:40:49Z,2017-12-02T01:15:57Z,1,1787,0,6,40,5,9,860.5855555555555
donnemartin/system-design-primer,MDExOlB1bGxSZXF1ZXN0MTUzNTI3MTAy,Correct Redis list structure in Twitter solution,MERGED,2017-11-20T01:11:18Z,2017-11-30T01:12:16Z,1,1,1,1,280,2,1,240.01611111111112
donnemartin/system-design-primer,MDExOlB1bGxSZXF1ZXN0MTU2NzUyNDYx,ja: Fix typo ,MERGED,2017-12-06T15:03:13Z,2017-12-08T01:18:26Z,1,1,1,1,776,3,4,34.25361111111111
donnemartin/system-design-primer,MDExOlB1bGxSZXF1ZXN0MTYwNzE1MTQ1,add Netflix in Company Architecture,CLOSED,2018-01-02T12:01:03Z,2018-01-21T16:51:13Z,1,4,3,1,0,2,2,460.8361111111111
donnemartin/system-design-primer,MDExOlB1bGxSZXF1ZXN0MTYxNDc5Mjgx,Add Netflix in Company Architectures,MERGED,2018-01-06T12:59:55Z,2018-01-21T16:55:00Z,1,1,0,2,0,3,1,363.91805555555555
donnemartin/system-design-primer,MDExOlB1bGxSZXF1ZXN0MTYxNDc5NDIw,Add Scaling Uber in Company Architecture,MERGED,2018-01-06T13:04:37Z,2018-02-02T23:08:50Z,1,1,1,1,0,2,1,658.0702777777777
donnemartin/system-design-primer,MDExOlB1bGxSZXF1ZXN0MTYxNDc5NDk4,"Add article link: How Twitter Handles 3,000 Images/sec",MERGED,2018-01-06T13:07:40Z,2019-04-10T00:47:00Z,1,1,1,3,0,2,3,11003.655555555555
donnemartin/system-design-primer,MDExOlB1bGxSZXF1ZXN0MTYxNDc5NTk2,Add Facebook Live Streams,MERGED,2018-01-06T13:10:29Z,2018-02-16T01:37:46Z,1,1,1,1,0,2,1,972.4547222222222
donnemartin/system-design-primer,MDExOlB1bGxSZXF1ZXN0MTY1NDU3ODY5,Update master-slave section anchor,MERGED,2018-01-26T20:51:15Z,2018-02-08T00:57:01Z,4,4,4,1,82,2,1,292.0961111111111
donnemartin/system-design-primer,MDExOlB1bGxSZXF1ZXN0MTY5MDIxMzc2,Add Traditional Chinese translation,MERGED,2018-02-14T04:51:04Z,2018-02-28T02:41:24Z,2,1787,1,8,272,4,23,333.8388888888889
donnemartin/system-design-primer,MDExOlB1bGxSZXF1ZXN0MTcxMjI4NzIy,Update re:Invent url to 2017 version,MERGED,2018-02-25T12:51:34Z,2018-02-27T02:28:05Z,3,18,18,1,158,2,1,37.60861111111111
donnemartin/system-design-primer,MDExOlB1bGxSZXF1ZXN0MTcyNTQzNDk2,zh-TW: Add proper line break to links,MERGED,2018-03-02T16:19:29Z,2018-03-04T19:14:45Z,1,16,16,1,119,2,1,50.92111111111111
donnemartin/system-design-primer,MDExOlB1bGxSZXF1ZXN0MTcyODA1Nzgy,zh-Hans: Fix typos,MERGED,2018-03-05T08:53:33Z,2018-03-08T01:37:46Z,1,7,7,1,0,3,2,64.73694444444445
donnemartin/system-design-primer,MDExOlB1bGxSZXF1ZXN0MTczMzU3MDQ2,Add missing self variables to Deck of Cards solution,MERGED,2018-03-07T05:32:45Z,2018-03-18T13:21:53Z,1,3,3,1,18,2,1,271.81888888888886
donnemartin/system-design-primer,MDExOlB1bGxSZXF1ZXN0MTc0MTQ4NzUw,Change LARGE to VehicleSize.LARGE in parking lot solution,MERGED,2018-03-10T02:37:12Z,2018-04-09T00:25:12Z,1,2,2,2,63,2,4,717.8
donnemartin/system-design-primer,MDExOlB1bGxSZXF1ZXN0MTc0MTU4MTE4,Add deque import to Social Graph solution,MERGED,2018-03-10T07:14:36Z,2018-03-24T23:38:34Z,1,2,0,1,84,2,0,352.39944444444444
donnemartin/system-design-primer,MDExOlB1bGxSZXF1ZXN0MTc0OTM1NjA1,Fix coding errors,MERGED,2018-03-14T12:11:36Z,2018-04-26T01:19:05Z,3,5,5,1,325,2,2,1021.1247222222222
donnemartin/system-design-primer,MDExOlB1bGxSZXF1ZXN0MTc4OTUyODA5,Fix dict KeyError,MERGED,2018-04-02T22:52:26Z,2018-04-26T01:22:06Z,1,2,2,2,53,2,1,554.4944444444444
donnemartin/system-design-primer,MDExOlB1bGxSZXF1ZXN0MTc4OTUzMDQ2,Fix dict KeyError,MERGED,2018-04-02T22:53:43Z,2018-04-26T01:22:26Z,1,2,2,2,39,2,1,554.4786111111111
donnemartin/system-design-primer,MDExOlB1bGxSZXF1ZXN0MTc4OTg3NDkw,"Fixed grammar in ""Learn how to design large-scale systems""",CLOSED,2018-04-03T03:54:13Z,2020-07-04T14:40:44Z,1,2,2,2,0,3,1,19762.77527777778
donnemartin/system-design-primer,MDExOlB1bGxSZXF1ZXN0MTc5MDE5ODY5,zh-TW: Fix comment format,MERGED,2018-04-03T07:56:28Z,2018-04-11T00:28:16Z,1,1,1,2,80,3,4,184.53
donnemartin/system-design-primer,MDExOlB1bGxSZXF1ZXN0MTgxNzkyMDgz,Add missing enum imports,MERGED,2018-04-16T08:53:40Z,2018-05-07T01:26:02Z,2,6,2,1,663,2,2,496.5394444444444
donnemartin/system-design-primer,MDExOlB1bGxSZXF1ZXN0MTg0MjQwNDE5,Adding missing self variable,MERGED,2018-04-26T06:44:04Z,2018-05-07T01:25:32Z,1,1,1,1,130,2,1,258.6911111111111
donnemartin/system-design-primer,MDExOlB1bGxSZXF1ZXN0MTg0MjQ0MTcz,Change variable seller to category in Mint solution,MERGED,2018-04-26T07:04:46Z,2018-05-23T03:15:43Z,1,1,1,1,200,2,1,644.1825
donnemartin/system-design-primer,MDExOlB1bGxSZXF1ZXN0MTkwODQyNDY4,zh-Hans: Fix typo,MERGED,2018-05-28T06:04:38Z,2018-06-16T05:30:42Z,1,1,1,2,22,4,1,455.43444444444447
donnemartin/system-design-primer,MDExOlB1bGxSZXF1ZXN0MTk2NzY2NzAw,Replace broken SQL tuning links,MERGED,2018-06-22T15:10:58Z,2018-06-29T03:18:12Z,1,2,2,1,67,2,1,156.12055555555554
donnemartin/system-design-primer,MDExOlB1bGxSZXF1ZXN0MjAwMTMxNDM4,zh-Hans: Fix PostgreSQL typo,MERGED,2018-07-09T15:10:58Z,2018-07-13T11:32:15Z,1,1,1,1,24,2,1,92.35472222222222
donnemartin/system-design-primer,MDExOlB1bGxSZXF1ZXN0MjAxMjcwNDEz,Fix #148: Add State(Enum) to social_graph_snippets.py,MERGED,2018-07-13T11:58:50Z,2018-07-15T00:01:58Z,1,6,0,1,44,2,1,36.05222222222222
donnemartin/system-design-primer,MDExOlB1bGxSZXF1ZXN0MjAxNDM0NTU4,Remove Imgur dependency by storing images locally,MERGED,2018-07-14T03:56:05Z,2020-07-18T01:15:48Z,40,152,152,2,0,3,4,17637.328611111112
donnemartin/system-design-primer,MDExOlB1bGxSZXF1ZXN0MjAxNDQ0MzYw,ja: Swap VARCHAR and CHAR translation error,MERGED,2018-07-14T09:33:31Z,2018-07-15T00:05:15Z,1,1,1,1,255,3,2,14.528888888888888
donnemartin/system-design-primer,MDExOlB1bGxSZXF1ZXN0MjAxNDgyNDQ4,Add newlines - PEP8 style,MERGED,2018-07-15T05:56:01Z,2018-07-19T06:09:10Z,3,3,1,1,814,2,1,96.21916666666667
donnemartin/system-design-primer,MDExOlB1bGxSZXF1ZXN0MjAxNTY0ODc2,zh-TW: Improve translations,MERGED,2018-07-16T08:08:25Z,2018-07-20T04:46:36Z,1,4,4,1,0,5,5,92.63638888888889
donnemartin/system-design-primer,MDExOlB1bGxSZXF1ZXN0MjAyNDc0NDY3,Fix broken links,MERGED,2018-07-19T07:57:12Z,2018-07-25T01:55:55Z,4,15,15,2,0,3,1,137.97861111111112
donnemartin/system-design-primer,MDExOlB1bGxSZXF1ZXN0MjAzMDA2MjIw,Fix typo in LRU cache solution,MERGED,2018-07-21T11:33:22Z,2018-07-23T06:13:03Z,1,1,1,1,0,2,1,42.661388888888894
donnemartin/system-design-primer,MDExOlB1bGxSZXF1ZXN0MjAzMDQyNDI5,sertyuiop,CLOSED,2018-07-22T06:33:12Z,2018-07-23T06:12:15Z,5,8,6,1,0,3,0,23.650833333333335
donnemartin/system-design-primer,MDExOlB1bGxSZXF1ZXN0MjA0MDEyMjI4,Translation for 7 Layers OSI Model,CLOSED,2018-07-26T02:30:00Z,2018-07-27T02:04:01Z,1,2,2,1,18,2,0,23.566944444444445
donnemartin/system-design-primer,MDExOlB1bGxSZXF1ZXN0MjA2MjAzNTk5,Fix broken URL,MERGED,2018-08-04T18:15:33Z,2018-08-05T13:52:04Z,1,1,1,1,52,2,1,19.60861111111111
donnemartin/system-design-primer,MDExOlB1bGxSZXF1ZXN0MjA2NDQ0ODUx,Fix error in Twitter timeline solution,MERGED,2018-08-06T15:59:12Z,2018-08-07T01:25:00Z,1,1,1,1,24,2,1,9.43
donnemartin/system-design-primer,MDExOlB1bGxSZXF1ZXN0MjA2OTExMzg2,Fix wording in call center solution,MERGED,2018-08-08T07:04:11Z,2018-08-09T12:01:27Z,1,2,2,1,28,3,1,28.954444444444444
donnemartin/system-design-primer,MDExOlB1bGxSZXF1ZXN0MjA3ODA3MjQx,Resolve #195: Fix broken GitHub URLs,MERGED,2018-08-12T06:36:14Z,2018-08-13T00:49:31Z,5,5,5,1,14,2,1,18.22138888888889
donnemartin/system-design-primer,MDExOlB1bGxSZXF1ZXN0MjA3ODA3ODMz,zh-Hans: Fix typo: 'Twitter' ,MERGED,2018-08-12T06:56:43Z,2018-08-14T02:32:16Z,1,1,1,1,0,2,1,43.5925
donnemartin/system-design-primer,MDExOlB1bGxSZXF1ZXN0MjA5MzExNjk4,Update Twitter/Facebook exercise description,MERGED,2018-08-18T13:17:20Z,2018-08-20T04:38:44Z,1,1,1,1,100,2,1,39.35666666666667
donnemartin/system-design-primer,MDExOlB1bGxSZXF1ZXN0MjEwMzAyNTM5,Fix broken links,MERGED,2018-08-23T00:52:29Z,2018-08-29T00:56:39Z,1,10,11,1,256,2,1,144.06944444444446
donnemartin/system-design-primer,MDExOlB1bGxSZXF1ZXN0MjEwNTE0MDk5,Fix typo in CAP theorem section,MERGED,2018-08-23T17:00:30Z,2018-08-24T06:24:59Z,1,1,1,1,50,2,1,13.408055555555556
donnemartin/system-design-primer,MDExOlB1bGxSZXF1ZXN0MjEyNDcyMDUx,Fix #126: Update link to Anki decks,MERGED,2018-08-31T19:14:04Z,2018-09-02T18:10:43Z,1,3,3,1,176,2,1,46.94416666666667
donnemartin/system-design-primer,MDExOlB1bGxSZXF1ZXN0MjEyNjA2NzY0,Add Ebook generation script,MERGED,2018-09-02T19:00:51Z,2019-05-12T10:21:15Z,7,164,120,1,336,3,6,6039.34
donnemartin/system-design-primer,MDExOlB1bGxSZXF1ZXN0MjEyOTY0ODc0,zh-Hans: Fix translation,MERGED,2018-09-04T12:50:56Z,2018-09-14T21:10:40Z,1,1,1,3,0,4,2,248.32888888888888
donnemartin/system-design-primer,MDExOlB1bGxSZXF1ZXN0MjEzNTMyMjg4, zh-Hans: Update translation,MERGED,2018-09-06T08:18:18Z,2018-09-16T07:48:51Z,1,4,4,3,27,4,2,239.50916666666666
donnemartin/system-design-primer,MDExOlB1bGxSZXF1ZXN0MjEzNzE5NjMy,Fix typo in Design Pastebin.com exercise,MERGED,2018-09-06T19:07:21Z,2018-09-08T00:47:44Z,1,1,1,3,0,4,1,29.673055555555557
donnemartin/system-design-primer,MDExOlB1bGxSZXF1ZXN0MjE1NTU5MDk2, zh-Hans: Update translation,MERGED,2018-09-14T11:04:42Z,2018-09-15T07:29:04Z,1,1,1,3,0,4,2,20.406111111111112
donnemartin/system-design-primer,MDExOlB1bGxSZXF1ZXN0MjE1NzgzODcz,Update Cassandra architecture links,MERGED,2018-09-15T18:52:40Z,2018-09-19T00:10:27Z,1,2,2,4,553,3,2,77.29638888888888
donnemartin/system-design-primer,MDExOlB1bGxSZXF1ZXN0MjE2ODEwOTA5,Update README intro,MERGED,2018-09-20T00:12:19Z,2018-09-24T00:12:12Z,1,1,1,1,0,2,0,95.99805555555555
donnemartin/system-design-primer,MDExOlB1bGxSZXF1ZXN0MjE3NDQxOTM3,Fix #397: Change master/slave to primary/replica,CLOSED,2018-09-22T06:21:25Z,2022-04-15T11:11:49Z,11,33,33,6,1789,6,5,31228.84
donnemartin/system-design-primer,MDExOlB1bGxSZXF1ZXN0MjE3NDQ1Nzk2,Resolve #214: Add reference links to message queues section,MERGED,2018-09-22T08:15:36Z,2018-10-01T00:38:29Z,2,4,4,1,11,2,1,208.3813888888889
donnemartin/system-design-primer,MDExOlB1bGxSZXF1ZXN0MjIxMTcwNDI4,Update Scalability for Dummies link,MERGED,2018-10-08T16:08:15Z,2018-10-11T01:13:43Z,4,4,4,2,0,3,1,57.09111111111111
donnemartin/system-design-primer,MDExOlB1bGxSZXF1ZXN0MjIyOTUwMjE5,ja: Fix typo,MERGED,2018-10-15T15:34:37Z,2018-10-26T00:20:27Z,1,7,7,1,207,3,4,248.76388888888889
donnemartin/system-design-primer,MDExOlB1bGxSZXF1ZXN0MjI0MDg4NTU2,zh-TW: Update index anchors,MERGED,2018-10-18T20:27:58Z,2018-10-31T22:34:52Z,1,20,20,2,284,4,4,314.115
donnemartin/system-design-primer,MDExOlB1bGxSZXF1ZXN0MjI3NTkyNjU3,Add Link: A 360 Degree View Of The Entire Netflix Stack,MERGED,2018-11-01T11:43:13Z,2018-11-14T01:23:22Z,1,1,1,1,49,2,2,301.6691666666667
donnemartin/system-design-primer,MDExOlB1bGxSZXF1ZXN0MjMwOTE5MDk4,Proper text formatting,CLOSED,2018-11-14T17:26:54Z,2018-12-15T04:10:09Z,1,7,1,1,79,2,1,730.7208333333333
donnemartin/system-design-primer,MDExOlB1bGxSZXF1ZXN0MjMxMTE3OTk0,Fix #228: Address mutex latency discrepancy,MERGED,2018-11-15T09:10:35Z,2018-12-19T02:17:01Z,4,4,4,4,83,3,4,809.1072222222223
donnemartin/system-design-primer,MDExOlB1bGxSZXF1ZXN0MjMzMzUyMzc5,Add availability in numbers section,MERGED,2018-11-25T02:49:01Z,2019-05-12T11:19:23Z,1,47,0,7,143,5,7,4040.5061111111113
donnemartin/system-design-primer,MDExOlB1bGxSZXF1ZXN0MjMzNDQ4MDQx,--fix: Missing `path` in argument.,CLOSED,2018-11-26T06:10:39Z,2019-04-10T00:44:49Z,1,1,1,2,109,3,1,3234.5694444444443
donnemartin/system-design-primer,MDExOlB1bGxSZXF1ZXN0MjQxNDc2NzM0,Add missing word in cache write through discussion,MERGED,2018-12-30T05:21:15Z,2019-01-05T17:20:17Z,1,1,1,1,0,2,1,155.98388888888888
donnemartin/system-design-primer,MDExOlB1bGxSZXF1ZXN0MjQ0NjU2Nzcy,zh-Hans: Fix typo,MERGED,2019-01-15T02:37:22Z,2019-01-20T19:59:43Z,1,1,1,2,0,3,1,137.3725
donnemartin/system-design-primer,MDExOlB1bGxSZXF1ZXN0MjQ3NDI5ODA4,Fix grammar in document store section,MERGED,2019-01-24T18:20:06Z,2019-02-03T12:35:25Z,1,1,1,1,57,2,1,234.2552777777778
donnemartin/system-design-primer,MDExOlB1bGxSZXF1ZXN0MjUxNzEwMjQ5,Fix typo in Twitter timeline and search solution,MERGED,2019-02-10T01:21:37Z,2019-02-11T10:48:37Z,1,1,1,2,0,3,1,33.45
donnemartin/system-design-primer,MDExOlB1bGxSZXF1ZXN0MjUxNzQ5MTY4,Translate language list,MERGED,2019-02-10T16:30:39Z,2019-05-11T16:42:59Z,1,1,1,1,282,2,4,2160.2055555555557
donnemartin/system-design-primer,MDExOlB1bGxSZXF1ZXN0MjU0Nzk1NzMy,Update document-store to document store,MERGED,2019-02-20T21:12:04Z,2019-02-28T11:55:51Z,1,2,2,1,36,2,1,182.72972222222222
donnemartin/system-design-primer,MDExOlB1bGxSZXF1ZXN0MjU3MDk0MzY1,Enable Python syntax highlighting in Pastebin sample code,MERGED,2019-02-28T14:38:27Z,2019-03-04T03:28:44Z,1,1,1,1,90,2,1,84.83805555555556
donnemartin/system-design-primer,MDExOlB1bGxSZXF1ZXN0MjU3Njk3NTA3,Fix broken SQL link in Scaling AWS exercise,MERGED,2019-03-02T22:43:37Z,2019-03-18T00:55:20Z,1,1,1,1,134,2,1,362.1952777777778
donnemartin/system-design-primer,MDExOlB1bGxSZXF1ZXN0MjcwMjIzOTIw,Enable syntax highlighting in all python code snippets,MERGED,2019-04-13T12:45:54Z,2019-05-07T10:24:42Z,10,30,30,1,181,2,1,573.6466666666666
donnemartin/system-design-primer,MDExOlB1bGxSZXF1ZXN0MjczNzY2MDM1,zh-Hans: Translate Pastebin solution,MERGED,2019-04-26T05:31:50Z,2019-06-16T15:21:22Z,2,331,1,8,21,3,6,1233.8255555555556
donnemartin/system-design-primer,MDExOlB1bGxSZXF1ZXN0Mjc1NDQ0MzMw,Update HDFS design link to the latest version,MERGED,2019-05-02T17:02:24Z,2019-05-07T10:22:13Z,1,1,1,1,0,2,1,113.33027777777778
donnemartin/system-design-primer,MDExOlB1bGxSZXF1ZXN0Mjg5NjM1Nzg5,ja: Fix typo of Big-O notation in KVS section,MERGED,2019-06-19T10:19:06Z,2019-07-06T15:07:14Z,1,1,1,1,348,3,3,412.8022222222222
donnemartin/system-design-primer,MDExOlB1bGxSZXF1ZXN0MjkzMDU1MTk1,Change disk to HDD for clarity,MERGED,2019-06-29T18:29:29Z,2020-07-11T01:01:13Z,1,3,3,4,212,5,2,9054.528888888888
donnemartin/system-design-primer,MDExOlB1bGxSZXF1ZXN0Mjk0OTQ5ODI2,ja: Fix translation in weak consistency section,MERGED,2019-07-05T18:04:55Z,2019-08-03T14:06:58Z,1,2,2,2,198,3,2,692.0341666666667
donnemartin/system-design-primer,MDExOlB1bGxSZXF1ZXN0Mjk1Mzk1MTEx,ja: Fix translation in push CDNs section,MERGED,2019-07-08T15:46:23Z,2019-08-03T14:07:35Z,1,1,1,2,109,3,1,622.3533333333334
donnemartin/system-design-primer,MDExOlB1bGxSZXF1ZXN0Mjk1Mzk5Njg4,ja: Fix translation in horizontal scaling section,MERGED,2019-07-08T15:57:57Z,2019-08-03T14:07:59Z,1,1,1,2,161,4,3,622.1672222222222
donnemartin/system-design-primer,MDExOlB1bGxSZXF1ZXN0Mjk2MjIxMTUz,ja: Fix translation in reverse proxy (web server) section,MERGED,2019-07-10T15:13:37Z,2019-08-03T14:08:19Z,1,1,1,2,103,3,1,574.9116666666666
donnemartin/system-design-primer,MDExOlB1bGxSZXF1ZXN0Mjk2MjI3NTky,ja: Fix translation in Federation section,MERGED,2019-07-10T15:27:54Z,2019-08-05T00:30:54Z,1,1,1,2,653,3,1,609.05
donnemartin/system-design-primer,MDExOlB1bGxSZXF1ZXN0Mjk4OTgwOTcy,ja: Fix mistranslation in SQL tuning section,MERGED,2019-07-18T15:53:00Z,2019-12-09T03:35:45Z,1,11,11,3,56,3,3,3443.7125
donnemartin/system-design-primer,MDExOlB1bGxSZXF1ZXN0MzAwMzY5NzM2,ja: Fix translation in Anki flashcards section,MERGED,2019-07-23T16:09:07Z,2019-08-13T23:50:10Z,1,1,1,2,122,3,2,511.68416666666667
donnemartin/system-design-primer,MDExOlB1bGxSZXF1ZXN0MzAwMzcwMTkz,ja: Fix translation in Load balancer section,MERGED,2019-07-23T16:10:20Z,2019-08-13T23:50:53Z,1,1,1,2,216,3,2,511.67583333333334
donnemartin/system-design-primer,MDExOlB1bGxSZXF1ZXN0MzAwMzcwNjgy,ja: Fix translation in Service Discovery section,MERGED,2019-07-23T16:11:36Z,2019-08-13T23:51:20Z,1,1,1,2,267,3,2,511.6622222222222
donnemartin/system-design-primer,MDExOlB1bGxSZXF1ZXN0MzAxODQ5OTEw,Clarify CDN advantages,MERGED,2019-07-28T18:11:56Z,2020-07-10T00:49:44Z,1,1,1,3,131,4,1,8334.63
donnemartin/system-design-primer,MDExOlB1bGxSZXF1ZXN0MzEyOTc4ODQ5,Fix a typo in Layer 7 load balancer of README.md,MERGED,2019-08-31T20:03:32Z,2020-07-01T00:56:56Z,1,1,1,1,0,2,1,7300.89
donnemartin/system-design-primer,MDExOlB1bGxSZXF1ZXN0MzEyOTkyMzE4,change CN translation to make it more accurate,MERGED,2019-09-01T01:03:33Z,2019-12-09T03:34:17Z,1,1,1,2,66,3,1,2378.512222222222
donnemartin/system-design-primer,MDExOlB1bGxSZXF1ZXN0MzE1MzcwMTk4,Add links for latency based and geolocation based routing,MERGED,2019-09-09T05:59:32Z,2020-07-10T00:48:47Z,1,2,2,1,107,2,1,7314.820833333333
donnemartin/system-design-primer,MDExOlB1bGxSZXF1ZXN0MzE1OTU0ODA1,Update dead links,MERGED,2019-09-10T11:50:46Z,2020-07-09T00:10:17Z,1,2,3,5,0,4,2,7260.325277777778
donnemartin/system-design-primer,MDExOlB1bGxSZXF1ZXN0MzMyNDIxODM5,Fixed typo.,CLOSED,2019-10-25T09:26:41Z,2019-11-03T10:50:01Z,1,4,4,1,0,2,0,217.38888888888889
donnemartin/system-design-primer,MDExOlB1bGxSZXF1ZXN0MzM0MTEwODM3,Merge pull request #1 from donnemartin/master,CLOSED,2019-10-30T09:12:43Z,2019-11-03T10:47:08Z,0,0,0,1,4,2,0,97.5736111111111
donnemartin/system-design-primer,MDExOlB1bGxSZXF1ZXN0MzQxNzE4ODk5,Update url for weighted round robin,CLOSED,2019-11-16T03:54:40Z,2020-07-09T00:08:56Z,1,2,2,2,101,3,1,5660.237777777777
donnemartin/system-design-primer,MDExOlB1bGxSZXF1ZXN0MzQ5NzI2NjYx,kr: Fix Korean translation link in language index,MERGED,2019-12-06T01:52:23Z,2020-07-05T14:57:58Z,4,4,4,2,184,3,1,5101.093055555555
donnemartin/system-design-primer,MDExOlB1bGxSZXF1ZXN0MzU2OTA0OTY4,raise NotImplemented â€”> raise NotImplementedError,MERGED,2019-12-26T08:06:00Z,2019-12-27T01:11:58Z,1,1,1,1,282,2,1,17.099444444444444
donnemartin/system-design-primer,MDExOlB1bGxSZXF1ZXN0MzYwMTQ2NjM5,Fix broken link in CAP theorem section,MERGED,2020-01-07T19:53:37Z,2020-02-17T02:00:45Z,1,1,1,1,0,2,1,966.1188888888889
donnemartin/system-design-primer,MDExOlB1bGxSZXF1ZXN0MzYwNTA5MDc2,Resolve #164 - Fix phrasing with availability and partition tolerance,MERGED,2020-01-08T15:17:00Z,2020-07-04T01:22:03Z,1,1,1,2,156,3,1,4258.0841666666665
donnemartin/system-design-primer,MDExOlB1bGxSZXF1ZXN0MzYxOTAxNDQ2,Fix broken 'round robin' links,MERGED,2020-01-13T02:08:43Z,2020-01-15T15:04:08Z,1,2,2,1,266,2,1,60.923611111111114
donnemartin/system-design-primer,MDExOlB1bGxSZXF1ZXN0MzY0NDkxMzMx,Fix link,MERGED,2020-01-19T03:32:17Z,2020-01-21T00:26:10Z,1,1,1,1,41,2,1,44.89805555555556
donnemartin/system-design-primer,MDExOlB1bGxSZXF1ZXN0MzgwOTY4NDc0,zh-cn: Sync with upstream to keep it up-to-date,MERGED,2020-02-27T17:08:58Z,2020-03-10T01:34:19Z,9,1458,1466,1,0,8,4,272.4225
donnemartin/system-design-primer,MDExOlB1bGxSZXF1ZXN0Mzg1OTc0NTc0,zh-Hans: Translate solutions,MERGED,2020-03-10T07:22:13Z,2020-03-30T00:40:51Z,9,2525,10,1,13,8,2,473.31055555555554
donnemartin/system-design-primer,MDExOlB1bGxSZXF1ZXN0MzkxOTAwMjMw,Remove extraneous __init__.py,MERGED,2020-03-21T19:21:35Z,2020-07-12T16:02:45Z,1,0,0,1,0,1,0,2708.686111111111
donnemartin/system-design-primer,MDExOlB1bGxSZXF1ZXN0Mzk3OTE0MzUy,Remove invalid link,CLOSED,2020-04-03T03:24:29Z,2021-04-16T02:52:46Z,1,1,1,1,19,4,4,9071.47138888889
donnemartin/system-design-primer,MDExOlB1bGxSZXF1ZXN0Mzk5MzI5Mzky,"Fix the loop over ""self.cards""",MERGED,2020-04-06T00:59:48Z,2020-07-08T00:56:06Z,1,1,1,1,0,2,1,2231.9383333333335
donnemartin/system-design-primer,MDExOlB1bGxSZXF1ZXN0NDAwNzc5MTY3,fix: typo,MERGED,2020-04-08T11:02:07Z,2020-07-01T00:42:25Z,1,2,2,2,39,3,1,2005.6716666666666
donnemartin/system-design-primer,MDExOlB1bGxSZXF1ZXN0NDAyMzYyMzU5,Missing comma,MERGED,2020-04-12T16:16:30Z,2020-07-01T00:37:50Z,1,1,1,2,0,3,1,1904.3555555555556
donnemartin/system-design-primer,MDExOlB1bGxSZXF1ZXN0NDAyNzM1NTQ1,Add CAP theorem video,MERGED,2020-04-13T16:58:08Z,2020-07-08T00:54:02Z,1,1,0,1,114,4,3,2047.9316666666666
donnemartin/system-design-primer,MDExOlB1bGxSZXF1ZXN0NDA2MjUwMDQ5,Remove redundant SQL index in Pastebin exercise,MERGED,2020-04-20T19:16:06Z,2020-07-07T01:05:51Z,1,1,1,1,150,2,1,1853.8291666666667
donnemartin/system-design-primer,MDExOlB1bGxSZXF1ZXN0NDA4ODY0NDc5,Check dependencies in Ebook gen script,MERGED,2020-04-25T07:19:24Z,2020-07-04T01:24:24Z,1,15,1,2,105,3,3,1674.0833333333333
donnemartin/system-design-primer,MDExOlB1bGxSZXF1ZXN0NDEwMzg0NzM0,Included apache kafka for event queuing,CLOSED,2020-04-28T22:03:48Z,2020-07-10T10:58:46Z,1,4,0,4,97,10,1,1740.9161111111111
donnemartin/system-design-primer,MDExOlB1bGxSZXF1ZXN0NDEzNzE3MDQ0,Fix Mint exercise bugs and typos,MERGED,2020-05-05T19:45:39Z,2020-07-07T01:00:34Z,1,8,8,1,0,2,1,1493.2486111111111
donnemartin/system-design-primer,MDExOlB1bGxSZXF1ZXN0NDE1NTU5NDg2,"Update ""Scaling up to your first 10 million users"" link",MERGED,2020-05-09T11:13:02Z,2020-05-26T01:59:02Z,1,4,4,1,148,2,1,398.76666666666665
donnemartin/system-design-primer,MDExOlB1bGxSZXF1ZXN0NDE5MTU3NzIx,Update design Twitter back-of-the-envelope calculations,MERGED,2020-05-17T19:02:16Z,2020-07-04T14:55:43Z,1,1,0,1,85,2,1,1147.8908333333334
donnemartin/system-design-primer,MDExOlB1bGxSZXF1ZXN0NDIyMzYyMTgz,Fix typo: Change replication to federation,MERGED,2020-05-24T04:41:10Z,2020-07-04T14:53:57Z,1,1,1,1,164,2,1,994.2130555555556
donnemartin/system-design-primer,MDExOlB1bGxSZXF1ZXN0NDM0NzE2MTQw,Fix: metadata-file,CLOSED,2020-06-15T18:58:54Z,2020-07-10T01:18:58Z,1,1,1,10,226,3,4,582.3344444444444
donnemartin/system-design-primer,MDExOlB1bGxSZXF1ZXN0NDM3NDI2MDM1,"Write word ""Korean"" in Korean language.",CLOSED,2020-06-20T15:33:37Z,2020-07-05T14:58:57Z,4,4,4,1,63,3,2,359.4222222222222
donnemartin/system-design-primer,MDExOlB1bGxSZXF1ZXN0NDQyMjYwMzc1,Add system design template link,MERGED,2020-06-30T19:55:56Z,2020-07-05T14:53:29Z,1,1,0,2,0,2,3,114.95916666666668
donnemartin/system-design-primer,MDExOlB1bGxSZXF1ZXN0NDQ0MzAzNzQy,Fix typos in Twitter and web crawler exercises,MERGED,2020-07-04T16:29:59Z,2020-07-05T14:48:23Z,2,3,3,1,74,2,1,22.30666666666667
donnemartin/system-design-primer,MDExOlB1bGxSZXF1ZXN0NDQ0MzUwOTQy,Fix #313: Clarify availability patterns,MERGED,2020-07-05T02:59:05Z,2020-07-05T14:50:31Z,1,1,1,1,28,3,1,11.857222222222223
donnemartin/system-design-primer,MDExOlB1bGxSZXF1ZXN0NDQ1MTMxMzAy,Resolve #281: Add design stock exchange links,MERGED,2020-07-07T03:53:13Z,2020-07-12T16:00:04Z,1,1,0,1,70,2,1,132.11416666666668
donnemartin/system-design-primer,MDExOlB1bGxSZXF1ZXN0NDUwMzI1NjYz,Fix #335: Update OSI image to Open Systems Interconnection ,MERGED,2020-07-16T16:22:54Z,2020-08-02T18:10:23Z,1,0,0,2,507,2,3,409.7913888888889
donnemartin/system-design-primer,MDExOlB1bGxSZXF1ZXN0NDU2NzQ3NzY5,Fix translations link in PR template,MERGED,2020-07-26T13:07:35Z,2020-08-02T18:13:18Z,1,1,1,1,36,3,2,173.09527777777777
donnemartin/system-design-primer,MDExOlB1bGxSZXF1ZXN0NTAwNzY4ODg1,Update broken HBase architecture link,MERGED,2020-10-09T19:01:55Z,2020-10-30T01:14:46Z,1,2,2,1,325,2,1,486.21416666666664
donnemartin/system-design-primer,MDExOlB1bGxSZXF1ZXN0NTE4NDMxODc2,Fix Celery url,MERGED,2020-11-10T11:46:39Z,2020-12-29T02:51:33Z,1,1,1,1,28,2,1,1167.0816666666667
donnemartin/system-design-primer,MDExOlB1bGxSZXF1ZXN0NTYwNTcwNDgx,Update indieflashblog link,MERGED,2021-01-24T09:27:38Z,2021-02-16T02:10:04Z,4,4,4,1,753,2,0,544.7072222222222
donnemartin/system-design-primer,MDExOlB1bGxSZXF1ZXN0NTY2MTQ1ODQ4,Fix LRU cache link,MERGED,2021-02-02T17:44:53Z,2021-02-16T02:14:06Z,1,1,1,1,114,2,1,320.4869444444444
donnemartin/system-design-primer,MDExOlB1bGxSZXF1ZXN0NTc4MTAwMzE2,Fix capitalization of Dropbox,MERGED,2021-02-23T03:06:20Z,2021-05-09T18:20:50Z,1,1,1,2,143,3,1,1815.2416666666666
donnemartin/system-design-primer,PR_kwDOBPXfqc4s-_1M,Update GitHub Engineer Blog link,MERGED,2021-10-10T14:07:05Z,2021-11-17T12:26:09Z,4,4,4,1,671,2,1,910.3177777777778
donnemartin/system-design-primer,PR_kwDOBPXfqc4wOteF,Fix memcache architecture URL,MERGED,2021-12-23T13:24:04Z,2022-02-13T02:52:00Z,4,4,4,1,129,2,1,1237.4655555555555
donnemartin/system-design-primer,PR_kwDOBPXfqc4waLwB,Added white background to all images (#630),CLOSED,2021-12-30T22:40:30Z,2023-02-20T23:12:22Z,54,0,0,4,214,6,4,10008.531111111111
donnemartin/system-design-primer,PR_kwDOBPXfqc406Op1,Replace broken weighted round robin link (#650),MERGED,2022-03-23T20:48:50Z,2022-04-20T00:37:02Z,1,1,1,1,571,3,1,651.8033333333333
donnemartin/system-design-primer,PR_kwDOBPXfqc42VFOu,Fix typos,MERGED,2022-04-17T16:01:57Z,2022-04-23T13:14:45Z,3,3,3,1,0,3,3,141.21333333333334
donnemartin/system-design-primer,PR_kwDOBPXfqc48X5IA,Fix Typo,MERGED,2022-07-30T21:03:42Z,2022-07-31T16:44:43Z,1,1,1,1,10,2,1,19.683611111111112
donnemartin/system-design-primer,PR_kwDOBPXfqc5CSCWI,Update latency vs throughput blog link,MERGED,2022-11-06T18:02:12Z,2022-11-13T21:04:18Z,1,1,1,1,571,2,1,171.035
donnemartin/system-design-primer,PR_kwDOBPXfqc5DTPOA,Fix top k requests link,MERGED,2022-11-20T11:29:30Z,2022-12-11T20:06:51Z,1,1,1,2,571,3,1,512.6225
donnemartin/system-design-primer,PR_kwDOBPXfqc5LnCRN,Fix Scalability Article links,MERGED,2023-03-08T22:02:32Z,2023-03-16T09:58:20Z,1,5,5,1,636,2,1,179.93
